Workbook

Sheet Area de produção
A2: 1 | B2: Você cultiva mais de um tipo ou variedade de cultura?
A4: 2 | B4: Você cria mais de um tipo ou raça de gado?
A6: 3 | B6: Você cultiva um pasto misto em seu pasto (como gramíneas mistas, ou gramíneas e trevos, etc.)?
B7: Sim
A8: 4 | B8: Que práticas ecológicas você segue para controlar pragas agrícolas em sua fazenda?
B9: Fornecer habitats seminaturais perto das plantações para que insetos benéficos possam ajudar no controle de pragas, como bancos de besouros
A11: 5 | B11: Use métodos de controle biológico
B12: Sim
A13: 6 | B13: Praticar controles culturais, como controle mecânico/físico de ervas daninhas e prevenção de doenças nas culturas (como selecionar variedades de culturas resistentes, planejar rotações, evitar deixar resíduos de culturas nos quais doenças ou pragas possam se desenvolver)
A15: 7 | B15: Os pesticidas (incluindo herbicidas) são usados ​​apenas quando e onde são necessários, conforme determinado pelo monitoramento de pragas ou danos às plantações e se recomendado por um agrônomo ou consultor de culturas.
A17: 8 | B17: São utilizados apenas pesticidas seletivos direcionados à praga ou erva daninha específica e que sejam compatíveis com o controle biológico
B18: Sim
A19: 9 | B19: Que práticas você usa para melhorar a saúde do solo nas áreas de produção da sua fazenda?
B20: Minimize o solo descoberto, plantando culturas de cobertura em campos aráveis, mantendo a cobertura do solo em pomares e vinhedos ou mantendo a cobertura vegetal em pastagens.
A22: 10 | B22: Utilizar predominantemente o cultivo superficial ou plantio direto como principal método de cultivo
A24: 11 | B24: Manter ou aumentar a matéria orgânica do solo, por exemplo, deixando palha ou resíduos de colheitas, cultivando adubos verdes ou adicionando composto ou cobertura morta orgânica.
B25: Sim
A26: 12 | B26: Adicionar as quantidades e os tipos certos de fertilizantes (incluindo insumos orgânicos) e apenas em resposta a uma demanda por nutrientes (como aquela indicada por testes de plantas ou solo, ou avaliação das necessidades do pasto) e em momentos e frequências apropriados para minimizar a lixiviação e o escoamento.
B27: Sim
A28: 13 | B28: Minimize a compactação e a compactação do solo, gerenciando cuidadosamente as máquinas e o gado
B29: Sim

Sheet Pequena area não produtiva
A2: 14 | B2: Você tem alguma pequena área de habitat natural ou seminatural adjacente à área de produção em sua fazenda?
B3: As margens ou cantos do campo ou do pasto são deixados de fora da produção, com plantas que ocorrem naturalmente
B4: Sim
A5: 15 | B5: Áreas não produtivas, como limites de pastagens, têm ou são plantadas com plantas e árvores floridas para fornecer néctar, frutas ou outros alimentos para a vida selvagem, como polinizadores e pássaros.
A7: 16 | B7: Você tem alguma vegetação lenhosa em sua fazenda?
B8: Cintos de proteção
B9: Sim
A10: 17 | B10: Árvores solitárias ou bem espaçadas em ou adjacentes a terras de produção
A12: 18 | B12: Pequenos fragmentos de mata nativa (<2 ha por fragmento) ou plantações de árvores não nativas
A14: 19 | B14: Que práticas favoráveis ​​à natureza você usa para gerenciar áreas de vegetação lenhosa?
B15: Gerir as faixas de proteção para promover a biodiversidade, evitando, por exemplo, a pulverização ou a poda com pouca frequência.
B16: Sim
A17: 20 | B17: Manter uma mistura de espécies em zonas de proteção ou em pequenas florestas, incluindo plantas lenhosas nativas
A19: 21 | B19: Você tem algum curso de água em sua fazenda, incluindo rios, córregos e lagoas?
B20: Sim
A21: 22 | B21: Que práticas favoráveis ​​à natureza você utiliza ao longo dos cursos d'água?
B22: Promover um regime hidrológico natural, como permitir inundações ou manter níveis de água suficientes para a vida selvagem
B23: Sim
A24: 23 | B24: Ter bueiros ou pontes sobre riachos que permitam a passagem de peixes
B25: Sim
A26: 24 | B26: Fornecer zonas de proteção arborizadas ou relvadas entre as áreas de produção e os cursos de água, incluindo vedações que excluam o gado da faixa de proteção.
B27: Sim
A28: 25 | B28: Use barreiras para evitar que poluentes entrem nos cursos de água, como armadilhas de sedimentos ou pântanos construídos

Sheet Grande area não produtiva
A2: 26 | B2: Você tem uma grande área (> 2 ha) de pastagem natural ou matagal em sua fazenda?
A4: 27 | B4: Que práticas de manejo favoráveis ​​à natureza você realiza em sua pastagem ou matagal natural?
B5: Formalmente protegido, como em um pacto QEII
B6: Sim
A7: 28 | B7: Excluir gado por meio de cercas
B8: Sim
A9: 29 | B9: Controle plantas daninhas não nativas, por meio de pulverização, pastoreio ou métodos mecânicos
B10: Sim
A11: 30 | B11: Você tem uma área úmida natural grande (>1 ha) em sua fazenda?
B12: Sim
A13: 31 | B13: Que práticas de gestão favoráveis ​​à natureza você realiza em sua área úmida natural?
B14: Formalmente protegido, como em um pacto QEII
A16: 32 | B16: Excluir gado por meio de cercas
B17: Sim
A18: 33 | B18: Controle plantas daninhas não nativas, por meio de pulverização, pastoreio ou métodos mecânicos
A20: 34 | B20: Você tem uma grande área (>2 ha) de floresta nativa ou arbusto denso em sua fazenda?
B21: Sim
A22: 35 | B22: Que práticas de manejo favoráveis ​​à natureza você realiza em seu bosque nativo?
B23: Formalmente protegido, como em um pacto QEII
B24: Sim
A25: 36 | B25: Excluir gado por meio de cercas
B26: Sim
A27: 37 | B27: Controle plantas daninhas não nativas, por meio de pulverização, pastoreio ou métodos mecânicos
B28: Sim
A29: 38 | B29: Gerir as bordas dos arbustos para beneficiar a vida selvagem, como por exemplo, criar uma zona de transição ou zona de amortecimento arbustivo entre as áreas de produção e as florestas mais altas.
A31: 39 | B31: Manter uma mistura de espécies lenhosas nativas
B32: Sim
A33: 40 | B33: Você controla alguma praga animal em sua fazenda, especialmente em habitats naturais?
B34: Gambás
B35: Sim
A36: 41 | B36: Arminhos, ratos, ouriços ou outros predadores
B37: Sim
A38: 42 | B38: Veados, cabras, porcos ou outros animais que alteram o habitat
B39: Sim
A40: 43 | B40: Ratos ou outros animais que competem com a vida selvagem por comida e locais de nidificação

Sheet Pontuação
E1: Areas de produção | AE1: Soma | AF1: Pequena Area não produtiva | BD1: Soma | BE1: Grande area não produtiva | CO1: Soma
A2: BIODIVERSIDADE GERAL NA ÁREA DE GESTÃO | B2: Pontuação Total | C2: Pontuação Máxima | D2: Diferença | E2: 1 | G2: 2 | I2: 3 | K2: 4 | M2: 5 | O2: 6 | Q2: 7 | S2: 8 | U2: 9 | W2: 10 | Y2: 11 | AA2: 12 | AC2: 13 | AF2: 14 | AH2: 15 | AJ2: 16 | AL2: 17 | AN2: 18 | AP2: 19 | AR2: 20 | AT2: 21 | AV2: 22 | AX2: 23 | AZ2: 24 | BB2: 25 | BE2: 26 | BG2: 27 | BI2: 28 | BK2: 29 | BM2: 30 | BO2: 31 | BQ2: 32 | BS2: 33 | BU2: 34 | BW2: 35 | BY2: 36 | CA2: 37 | CC2: 38 | CE2: 39 | CG2: 40 | CI2: 41 | CK2: 42 | CM2: 43
E3: sim | F3: não | G3: sim | H3: não | I3: sim | J3: não | K3: sim | L3: não | M3: sim | N3: não | O3: sim | P3: não | Q3: sim | R3: não | S3: sim | T3: não | U3: sim | V3: não | W3: sim | X3: não | Y3: sim | Z3: não | AA3: sim | AB3: não | AC3: sim | AD3: não | AF3: sim | AG3: não | AH3: sim | AI3: não | AJ3: sim | AK3: não | AL3: sim | AM3: não | AN3: sim | AO3: não | AP3: sim | AQ3: não | AR3: sim | AS3: não | AT3: sim | AU3: não | AV3: sim | AW3: não | AX3: sim | AY3: não | AZ3: sim | BA3: não | BB3: sim | BC3: não | BE3: sim | BF3: não | BG3: sim | BH3: não | BI3: sim | BJ3: não | BK3: sim | BL3: não | BM3: sim | BN3: não | BO3: sim | BP3: não | BQ3: sim | BR3: não | BS3: sim | BT3: não | BU3: sim | BV3: não | BW3: sim | BX3: não | BY3: sim | BZ3: não | CA3: sim | CB3: não | CC3: sim | CD3: não | CE3: sim | CF3: não | CG3: sim | CH3: não | CI3: sim | CJ3: não | CK3: sim | CL3: não | CM3: sim | CN3: não
A4: ÁREAS DE PRODUÇÃO | B4: =SUM(E4:AD4) -> 4 | C4: 7 | D4: =C4-B4 -> 3 | I4: =IF('Area de produção'!B7="Sim",1,0) -> 1 | K4: =IF('Area de produção'!B10="Sim",2,0) -> 0 | M4: =IF('Area de produção'!B12="Sim",1,0) -> 1 | U4: =IF('Area de produção'!B21="Sim",1,0) -> 0 | Y4: =IF('Area de produção'!B25="Sim",1,0) -> 1 | AC4: =IF('Area de produção'!B29="Sim",1,0) -> 1 | AE4: =SUM(E4:AD4) -> 4 | BD4: =SUM(AF4:BC4) -> 0 | CO4: =SUM(BE4:CN4) -> 0
A5: PEQUENA NÃO PRODUÇÃO | B5: =SUM(AF5:BC5) -> 6 | C5: 13 | D5: =C5-B5 -> 7 | AE5: =SUM(E5:AD5) -> 0 | AF5: =IF('Pequena area não produtiva'!B4="Sim",1,0) -> 1 | AH5: =IF('Pequena area não produtiva'!B6="Sim",2,0) -> 0 | AN5: =IF('Pequena area não produtiva'!B13="Sim",2,0) -> 0 | AP5: =IF('Pequena area não produtiva'!B16="Sim",1,0) -> 1 | AR5: =IF('Pequena area não produtiva'!B18="Sim",2,0) -> 0 | AT5: =IF('Pequena area não produtiva'!B20="Sim",1,0) -> 1 | AV5: =IF('Pequena area não produtiva'!B23="Sim",1,0) -> 1 | AX5: =IF('Pequena area não produtiva'!B25="Sim",1,0) -> 1 | AZ5: =IF('Pequena area não produtiva'!B27="Sim",1,0) -> 1 | BB5: =IF('Pequena area não produtiva'!B29="Sim",1,0) -> 0 | BD5: =SUM(AF5:BC5) -> 6 | CO5: =SUM(BE5:CN5) -> 0
A6: GRANDE NÃO PRODUÇÃO | B6: =SUM(BE6:CN6) -> 24 | C6: 31 | D6: =C6-B6 -> 7 | AE6: =SUM(E6:AD6) -> 0 | BD6: =SUM(AF6:BC6) -> 0 | BE6: =IF('Grande area não produtiva'!B3="Sim",1,0) -> 0 | BG6: =IF('Grande area não produtiva'!B6="Sim",2,0) -> 2 | BI6: =IF('Grande area não produtiva'!B8="Sim",2,0) -> 2 | BK6: =IF('Grande area não produtiva'!B10="Sim",1,0) -> 1 | BM6: =IF('Grande area não produtiva'!B12="Sim",2,0) -> 2 | BO6: =IF('Grande area não produtiva'!B15="Sim",2,0) -> 0 | BQ6: =IF('Grande area não produtiva'!B17="Sim",2,0) -> 2 | BU6: =IF('Grande area não produtiva'!$B$21="Sim",2,0) -> 2 | BW6: =IF('Grande area não produtiva'!$B$24="Sim",2,0) -> 2 | BY6: =IF('Grande area não produtiva'!$B$26="Sim",2,0) -> 2 | CA6: =IF('Grande area não produtiva'!$B$28="Sim",1,0) -> 1 | CC6: =IF('Grande area não produtiva'!$B$30="Sim",2,0) -> 0 | CE6: =IF('Grande area não produtiva'!$B$32="Sim",2,0) -> 2 | CG6: =IF('Grande area não produtiva'!$B$35="Sim",2,0) -> 2 | CI6: =IF('Grande area não produtiva'!$B$37="Sim",2,0) -> 2 | CK6: =IF('Grande area não produtiva'!$B$39="Sim",2,0) -> 2 | CM6: =IF('Grande area não produtiva'!$B$41="Sim",2,0) -> 0 | CO6: =SUM(BE6:CN6) -> 24
A7: GRUPO DE BIODIVERSIDADE EM TODA A FAZENDA | B7: Pontuação Total | C7: Pontuação Máxima | D7: Diferença
A9: PECUÁRIA E CULTURA | B9: =SUM(AE9,BD9,CO9) -> 7 | C9: 16 | D9: =C9-B9 -> 9 | E9: =IF('Area de produção'!B3="Sim",2,0) -> 0 | G9: =IF('Area de produção'!B5="Sim",2,0) -> 0 | I9: =IF('Area de produção'!B7="Sim",2,0) -> 2 | M9: =IF('Area de produção'!B12="Sim",1,0) -> 1 | Q9: =IF('Area de produção'!B16="Sim",1,0) -> 0 | S9: =IF('Area de produção'!B18="Sim",1,0) -> 1 | U9: =IF('Area de produção'!B21="Sim",1,0) -> 0 | Y9: =IF('Area de produção'!B25="Sim",1,0) -> 1 | AC9: =IF('Area de produção'!B29="Sim",1,0) -> 1 | AE9: =SUM(E9:AD9) -> 6 | AH9: =IF('Pequena area não produtiva'!B6="Sim",1,0) -> 0 | AJ9: =IF('Pequena area não produtiva'!B9="Sim",1,0) -> 1 | AL9: =IF('Pequena area não produtiva'!B11="Sim",1,0) -> 0 | AN9: =IF('Pequena area não produtiva'!B13="Sim",1,0) -> 0 | BD9: =SUM(AF9:BC9) -> 1 | CO9: =SUM(BE9:CN9) -> 0
A10: FAUNA AQUÁTICA NATIVA | B10: =SUM(AE10,BD10,CO10) -> 13 | C10: 18 | D10: =C10-B10 -> 5 | U10: =IF('Area de produção'!B21="Sim",1,0) -> 0 | AA10: =IF('Area de produção'!B27="Sim",1,0) -> 1 | AE10: =SUM(E10:AD10) -> 1 | AT10: =IF('Pequena area não produtiva'!B20="Sim",2,0) -> 2 | AV10: =IF('Pequena area não produtiva'!B23="Sim",2,0) -> 2 | AX10: =IF('Pequena area não produtiva'!B25="Sim",2,0) -> 2 | AZ10: =IF('Pequena area não produtiva'!B27="Sim",2,0) -> 2 | BB10: =IF('Pequena area não produtiva'!B29="Sim",2,0) -> 0 | BD10: =SUM(AF10:BC10) -> 8 | BM10: =IF('Grande area não produtiva'!B12="Sim",2,0) -> 2 | BO10: =IF('Grande area não produtiva'!B15="Sim",2,0) -> 0 | BQ10: =IF('Grande area não produtiva'!B17="Sim",2,0) -> 2 | CO10: =SUM(BE10:CN10) -> 4
A11: INSETOS BENÉFICOS | B11: =SUM(AE11,BD11,CO11) -> 25 | C11: 41 | D11: =C11-B11 -> 16 | E11: =IF('Area de produção'!B3="Sim",1,0) -> 0 | I11: =IF('Area de produção'!B7="Sim",2,0) -> 2 | K11: =IF('Area de produção'!B10="Sim",2,0) -> 0 | M11: =IF('Area de produção'!B12="Sim",2,0) -> 2 | O11: =IF('Area de produção'!B14="Sim",1,0) -> 0 | U11: =IF('Area de produção'!B21="Sim",1,0) -> 0 | Y11: =IF('Area de produção'!B25="Sim",1,0) -> 1 | AE11: =SUM(E11:AD11) -> 5 | AF11: =IF('Pequena area não produtiva'!B4="Sim",1,0) -> 1 | AH11: =IF('Pequena area não produtiva'!B6="Sim",2,0) -> 0 | AJ11: =IF('Pequena area não produtiva'!B9="Sim",1,0) -> 1 | AN11: =IF('Pequena area não produtiva'!B13="Sim",2,0) -> 0 | AP11: =IF('Pequena area não produtiva'!B16="Sim",1,0) -> 1 | AR11: =IF('Pequena area não produtiva'!B18="Sim",1,0) -> 0 | AZ11: =IF('Pequena area não produtiva'!B27="Sim",1,0) -> 1 | BB11: =IF('Pequena area não produtiva'!B29="Sim",1,0) -> 0 | BD11: =SUM(AF11:BC11) -> 4 | BE11: =IF('Grande area não produtiva'!B3="Sim",2,0) -> 0 | BG11: =IF('Grande area não produtiva'!B6="Sim",1,0) -> 1 | BI11: =IF('Grande area não produtiva'!B8="Sim",1,0) -> 1 | BM11: =IF('Grande area não produtiva'!B12="Sim",1,0) -> 1 | BO11: =IF('Grande area não produtiva'!B15="Sim",1,0) -> 0 | BQ11: =IF('Grande area não produtiva'!B17="Sim",1,0) -> 1 | BU11: =IF('Grande area não produtiva'!$B$21="Sim",2,0) -> 2 | BW11: =IF('Grande area não produtiva'!$B$24="Sim",2,0) -> 2 | BY11: =IF('Grande area não produtiva'!$B$26="Sim",2,0) -> 2 | CC11: =IF('Grande area não produtiva'!$B$30="Sim",1,0) -> 0 | CE11: =IF('Grande area não produtiva'!$B$32="Sim",2,0) -> 2 | CG11: =IF('Grande area não produtiva'!$B$35="Sim",1,0) -> 1 | CI11: =IF('Grande area não produtiva'!$B$37="Sim",2,0) -> 2 | CK11: =IF('Grande area não produtiva'!$B$39="Sim",1,0) -> 1 | CM11: =IF('Grande area não produtiva'!$B$41="Sim",1,0) -> 0 | CO11: =SUM(BE11:CN11) -> 16
A12: VIDA NO SOLO | B12: =SUM(AE12,BD12,CO12) -> 29 | C12: 42 | D12: =C12-B12 -> 13 | I12: =IF('Area de produção'!B7="Sim",1,0) -> 1 | K12: =IF('Area de produção'!B10="Sim",1,0) -> 0 | M12: =IF('Area de produção'!B12="Sim",1,0) -> 1 | U12: =IF('Area de produção'!B21="Sim",1,0) -> 0 | W12: =IF('Area de produção'!B23="Sim",2,0) -> 0 | Y12: =IF('Area de produção'!B25="Sim",2,0) -> 2 | AA12: =IF('Area de produção'!B27="Sim",1,0) -> 1 | AC12: =IF('Area de produção'!B29="Sim",2,0) -> 2 | AE12: =SUM(E12:AD12) -> 7 | AF12: =IF('Pequena area não produtiva'!B4="Sim",1,0) -> 1 | AH12: =IF('Pequena area não produtiva'!B6="Sim",1,0) -> 0 | AJ12: =IF('Pequena area não produtiva'!B9="Sim",1,0) -> 1 | AN12: =IF('Pequena area não produtiva'!B13="Sim",2,0) -> 0 | AP12: =IF('Pequena area não produtiva'!B16="Sim",1,0) -> 1 | AR12: =IF('Pequena area não produtiva'!B18="Sim",1,0) -> 0 | AZ12: =IF('Pequena area não produtiva'!B27="Sim",1,0) -> 1 | BD12: =SUM(AF12:BC12) -> 4 | BE12: =IF('Grande area não produtiva'!B3="Sim",2,0) -> 0 | BG12: =IF('Grande area não produtiva'!B6="Sim",2,0) -> 2 | BI12: =IF('Grande area não produtiva'!B8="Sim",2,0) -> 2 | BK12: =IF('Grande area não produtiva'!B10="Sim",1,0) -> 1 | BM12: =IF('Grande area não produtiva'!B12="Sim",1,0) -> 1 | BO12: =IF('Grande area não produtiva'!B15="Sim",1,0) -> 0 | BQ12: =IF('Grande area não produtiva'!B17="Sim",1,0) -> 1 | BU12: =IF('Grande area não produtiva'!$B$21="Sim",2,0) -> 2 | BW12: =IF('Grande area não produtiva'!$B$24="Sim",2,0) -> 2 | BY12: =IF('Grande area não produtiva'!$B$26="Sim",2,0) -> 2 | CA12: =IF('Grande area não produtiva'!$B$28="Sim",1,0) -> 1 | CC12: =IF('Grande area não produtiva'!$B$30="Sim",1,0) -> 0 | CE12: =IF('Grande area não produtiva'!$B$32="Sim",2,0) -> 2 | CI12: =IF('Grande area não produtiva'!$B$37="Sim",1,0) -> 1 | CK12: =IF('Grande area não produtiva'!$B$39="Sim",1,0) -> 1 | CM12: =IF('Grande area não produtiva'!$B$41="Sim",1,0) -> 0 | CO12: =SUM(BE12:CN12) -> 18
A13: AVES ABERTAS NATIVAS | B13: =SUM(AE13,BD13,CO13) -> 7 | C13: 10 | D13: =C13-B13 -> 3 | I13: =IF('Area de produção'!B7="Sim",1,0) -> 1 | AE13: =SUM(E13:AD13) -> 1 | AF13: =IF('Pequena area não produtiva'!B4="Sim",1,0) -> 1 | AH13: =IF('Pequena area não produtiva'!B6="Sim",1,0) -> 0 | AN13: =IF('Pequena area não produtiva'!B13="Sim",1,0) -> 0 | BD13: =SUM(AF13:BC13) -> 1 | BE13: =IF('Grande area não produtiva'!B3="Sim",1,0) -> 0 | BG13: =IF('Grande area não produtiva'!B6="Sim",1,0) -> 1 | BI13: =IF('Grande area não produtiva'!B8="Sim",1,0) -> 1 | CG13: =IF('Grande area não produtiva'!$B$35="Sim",1,0) -> 1 | CI13: =IF('Grande area não produtiva'!$B$37="Sim",1,0) -> 1 | CK13: =IF('Grande area não produtiva'!$B$39="Sim",1,0) -> 1 | CO13: =SUM(BE13:CN13) -> 5
A14: AVES DE ZONAS PÂNTANAS | B14: =SUM(AE14,BD14,CO14) -> 12 | C14: 16 | D14: =C14-B14 -> 4 | AE14: =SUM(E14:AD14) -> 0 | AT14: =IF('Pequena area não produtiva'!B20="Sim",2,0) -> 2 | AV14: =IF('Pequena area não produtiva'!B23="Sim",2,0) -> 2 | AZ14: =IF('Pequena area não produtiva'!B27="Sim",1,0) -> 1 | BB14: =IF('Pequena area não produtiva'!B29="Sim",1,0) -> 0 | BD14: =SUM(AF14:BC14) -> 5 | BM14: =IF('Grande area não produtiva'!B12="Sim",2,0) -> 2 | BO14: =IF('Grande area não produtiva'!B15="Sim",2,0) -> 0 | BQ14: =IF('Grande area não produtiva'!B17="Sim",2,0) -> 2 | BS14: =IF('Grande area não produtiva'!B19="Sim",1,0) -> 0 | CI14: =IF('Grande area não produtiva'!$B$37="Sim",2,0) -> 2 | CK14: =IF('Grande area não produtiva'!$B$39="Sim",1,0) -> 1 | CO14: =SUM(BE14:CN14) -> 7
A15: AVE NATIVA DA FLORESTA | B15: =SUM(AE15,BD15,CO15) -> 15 | C15: 20 | D15: =C15-B15 -> 5 | AE15: =SUM(E15:AD15) -> 0 | AN15: =IF('Pequena area não produtiva'!B13="Sim",1,0) -> 0 | AP15: =IF('Pequena area não produtiva'!B16="Sim",1,0) -> 1 | AR15: =IF('Pequena area não produtiva'!B18="Sim",1,0) -> 0 | BD15: =SUM(AF15:BC15) -> 1 | BU15: =IF('Grande area não produtiva'!$B$21="Sim",2,0) -> 2 | BW15: =IF('Grande area não produtiva'!$B$24="Sim",2,0) -> 2 | BY15: =IF('Grande area não produtiva'!$B$26="Sim",2,0) -> 2 | CA15: =IF('Grande area não produtiva'!$B$28="Sim",1,0) -> 1 | CC15: =IF('Grande area não produtiva'!$B$30="Sim",2,0) -> 0 | CE15: =IF('Grande area não produtiva'!$B$32="Sim",2,0) -> 2 | CG15: =IF('Grande area não produtiva'!$B$35="Sim",2,0) -> 2 | CI15: =IF('Grande area não produtiva'!$B$37="Sim",2,0) -> 2 | CK15: =IF('Grande area não produtiva'!$B$39="Sim",1,0) -> 1 | CM15: =IF('Grande area não produtiva'!$B$41="Sim",1,0) -> 0 | CO15: =SUM(BE15:CN15) -> 14
A16: PLANTAS NATIVAS DE PASTAGENS | B16: =SUM(AE16,BD16,CO16) -> 8 | C16: 10 | D16: =C16-B16 -> 2 | AE16: =SUM(E16:AD16) -> 0 | AZ16: =IF('Pequena area não produtiva'!B27="Sim",1,0) -> 1 | BD16: =SUM(AF16:BC16) -> 1 | BE16: =IF('Grande area não produtiva'!B3="Sim",2,0) -> 0 | BG16: =IF('Grande area não produtiva'!B6="Sim",2,0) -> 2 | BI16: =IF('Grande area não produtiva'!B8="Sim",2,0) -> 2 | BK16: =IF('Grande area não produtiva'!B10="Sim",2,0) -> 2 | CK16: =IF('Grande area não produtiva'!$B$39="Sim",1,0) -> 1 | CO16: =SUM(BE16:CN16) -> 7
A17: PLANTAS NATIVAS DE ZONAS ÚMIDAS | B17: =SUM(AE17,BD17,CO17) -> 10 | C17: 15 | D17: =C17-B17 -> 5 | AA17: =IF('Area de produção'!B27="Sim",1,0) -> 1 | AE17: =SUM(E17:AD17) -> 1 | AT17: =IF('Pequena area não produtiva'!B20="Sim",1,0) -> 1 | AV17: =IF('Pequena area não produtiva'!B23="Sim",1,0) -> 1 | AZ17: =IF('Pequena area não produtiva'!B27="Sim",1,0) -> 1 | BB17: =IF('Pequena area não produtiva'!B29="Sim",2,0) -> 0 | BD17: =SUM(AF17:BC17) -> 3 | BM17: =IF('Grande area não produtiva'!B12="Sim",2,0) -> 2 | BO17: =IF('Grande area não produtiva'!B15="Sim",2,0) -> 0 | BQ17: =IF('Grande area não produtiva'!B17="Sim",2,0) -> 2 | BS17: =IF('Grande area não produtiva'!B19="Sim",1,0) -> 0 | CK17: =IF('Grande area não produtiva'!$B$39="Sim",2,0) -> 2 | CO17: =SUM(BE17:CN17) -> 6
A18: PLANTAS NATIVAS DE ARBUSTO | B18: =SUM(AE18,BD18,CO18) -> 14 | C18: 19 | D18: =C18-B18 -> 5 | AE18: =SUM(E18:AD18) -> 0 | AN18: =IF('Pequena area não produtiva'!B13="Sim",1,0) -> 0 | AR18: =IF('Pequena area não produtiva'!B18="Sim",1,0) -> 0 | BD18: =SUM(AF18:BC18) -> 0 | BU18: =IF('Grande area não produtiva'!$B$21="Sim",2,0) -> 2 | BW18: =IF('Grande area não produtiva'!$B$24="Sim",2,0) -> 2 | BY18: =IF('Grande area não produtiva'!$B$26="Sim",2,0) -> 2 | CA18: =IF('Grande area não produtiva'!$B$28="Sim",2,0) -> 2 | CC18: =IF('Grande area não produtiva'!$B$30="Sim",2,0) -> 0 | CE18: =IF('Grande area não produtiva'!$B$32="Sim",2,0) -> 2 | CG18: =IF('Grande area não produtiva'!$B$35="Sim",2,0) -> 2 | CK18: =IF('Grande area não produtiva'!$B$39="Sim",2,0) -> 2 | CM18: =IF('Grande area não produtiva'!$B$41="Sim",1,0) -> 0 | CO18: =SUM(BE18:CN18) -> 14

Sheet Resultdo
B2: BIODIVERSIDADE GERAL NA ÁREA DE GESTÃO
J9: =Pontuação!B4/Pontuação!C4 -> 0.57142857 | O9: =Pontuação!B5/Pontuação!C5 -> 0.46153846 | T9: =Pontuação!B6/Pontuação!C6 -> 0.77419355
B14: GRUPO DE BIODIVERSIDADE EM TODA A FAZENDA
D22: =Pontuação!B18/Pontuação!C18 -> 0.73684211 | J22: =Pontuação!B16/Pontuação!C16 -> 0.8 | P22: =Pontuação!B14/Pontuação!C14 -> 0.75 | V22: =Pontuação!B12/Pontuação!C12 -> 0.69047619 | AB22: =Pontuação!B10/Pontuação!C10 -> 0.72222222
D34: =Pontuação!B17/Pontuação!C17 -> 0.66666667 | J34: =Pontuação!B15/Pontuação!C15 -> 0.75 | P34: =Pontuação!B13/Pontuação!C13 -> 0.7 | V34: =Pontuação!B11/Pontuação!C11 -> 0.6097561 | AB34: =Pontuação!B9/Pontuação!C9 -> 0.4375

Sheet Pontuação_referencia
C1: Areas de produção | AC1: Soma | AD1: Pequena Area não produtiva | BB1: Soma | BC1: Grande area não produtiva | CM1: Soma
A2: BIODIVERSIDADE GERAL NA ÁREA DE GESTÃO | C2: 1 | E2: 2 | G2: 3 | I2: 4 | K2: 5 | M2: 6 | O2: 7 | Q2: 8 | S2: 9 | U2: 10 | W2: 11 | Y2: 12 | AA2: 13 | AD2: 14 | AF2: 15 | AH2: 16 | AJ2: 17 | AL2: 18 | AN2: 19 | AP2: 20 | AR2: 21 | AT2: 22 | AV2: 23 | AX2: 24 | AZ2: 25 | BC2: 26 | BE2: 27 | BG2: 28 | BI2: 29 | BK2: 30 | BM2: 31 | BO2: 32 | BQ2: 33 | BS2: 34 | BU2: 35 | BW2: 36 | BY2: 37 | CA2: 38 | CC2: 39 | CE2: 40 | CG2: 41 | CI2: 42 | CK2: 43
B3: Pontuação total | C3: sim | D3: não | E3: sim | F3: não | G3: sim | H3: não | I3: sim | J3: não | K3: sim | L3: não | M3: sim | N3: não | O3: sim | P3: não | Q3: sim | R3: não | S3: sim | T3: não | U3: sim | V3: não | W3: sim | X3: não | Y3: sim | Z3: não | AA3: sim | AB3: não | AD3: sim | AE3: não | AF3: sim | AG3: não | AH3: sim | AI3: não | AJ3: sim | AK3: não | AL3: sim | AM3: não | AN3: sim | AO3: não | AP3: sim | AQ3: não | AR3: sim | AS3: não | AT3: sim | AU3: não | AV3: sim | AW3: não | AX3: sim | AY3: não | AZ3: sim | BA3: não | BC3: sim | BD3: não | BE3: sim | BF3: não | BG3: sim | BH3: não | BI3: sim | BJ3: não | BK3: sim | BL3: não | BM3: sim | BN3: não | BO3: sim | BP3: não | BQ3: sim | BR3: não | BS3: sim | BT3: não | BU3: sim | BV3: não | BW3: sim | BX3: não | BY3: sim | BZ3: não | CA3: sim | CB3: não | CC3: sim | CD3: não | CE3: sim | CF3: não | CG3: sim | CH3: não | CI3: sim | CJ3: não | CK3: sim | CL3: não
A4: ÁREAS DE PRODUÇÃO | B4: =SUM(BB4,CM4,AC4) -> 7 | G4: 1 | I4: 2 | K4: 1 | Q4: 0 | S4: 1 | W4: 1 | Y4: 0 | AA4: 1 | AC4: =SUM(C4:AB4) -> 7 | BB4: =SUM(AD4:BA4) -> 0 | CM4: =SUM(BC4:CL4) -> 0
A5: PEQUENA NÃO PRODUÇÃO | B5: =SUM(BB5,CM5,AC5) -> 13 | AC5: =SUM(C5:AB5) -> 0 | AD5: 1 | AF5: 2 | AL5: 2 | AN5: 1 | AP5: 2 | AR5: 1 | AT5: 1 | AV5: 1 | AX5: 1 | AZ5: 1 | BB5: =SUM(AD5:BA5) -> 13 | CM5: =SUM(BC5:CL5) -> 0
A6: GRANDE NÃO PRODUÇÃO | B6: =SUM(BB6,CM6,AC6) -> 31 | AC6: =SUM(C6:AB6) -> 0 | BB6: =SUM(AD6:BA6) -> 0 | BC6: 1 | BE6: 2 | BG6: 2 | BI6: 1 | BK6: 2 | BM6: 2 | BO6: 2 | BQ6: 0 | BS6: 2 | BU6: 2 | BW6: 2 | BY6: 1 | CA6: 2 | CC6: 2 | CE6: 2 | CG6: 2 | CI6: 2 | CK6: 2 | CM6: =SUM(BC6:CL6) -> 31
A7: GRUPO DE BIODIVERSIDADE EM TODA A FAZENDA
B8: Pontuação total
A9: PECUÁRIA E CULTURA | B9: =SUM(BB9,CM9,AC9) -> 16 | C9: 2 | E9: 2 | G9: 2 | K9: 1 | O9: 1 | Q9: 1 | S9: 1 | W9: 1 | AA9: 1 | AC9: =SUM(C9:AB9) -> 12 | AF9: 1 | AH9: 1 | AJ9: 1 | AL9: 1 | BB9: =SUM(AD9:BA9) -> 4 | CM9: =SUM(BC9:CL9) -> 0
A10: FAUNA AQUÁTICA NATIVA | B10: =SUM(BB10,CM10,AC10) -> 18 | S10: 1 | Y10: 1 | AC10: =SUM(C10:AB10) -> 2 | AR10: 2 | AT10: 2 | AV10: 2 | AX10: 2 | AZ10: 2 | BB10: =SUM(AD10:BA10) -> 10 | BK10: 2 | BM10: 2 | BO10: 2 | CM10: =SUM(BC10:CL10) -> 6
A11: INSETOS BENÉFICOS | B11: =SUM(BB11,CM11,AC11) -> 41 | C11: 1 | G11: 2 | I11: 2 | K11: 2 | M11: 1 | S11: 1 | W11: 1 | AC11: =SUM(C11:AB11) -> 10 | AD11: 1 | AF11: 2 | AH11: 1 | AL11: 2 | AN11: 1 | AP11: 1 | AX11: 1 | AZ11: 1 | BB11: =SUM(AD11:BA11) -> 10 | BC11: 2 | BE11: 1 | BG11: 1 | BK11: 1 | BM11: 1 | BO11: 1 | BS11: 2 | BU11: 2 | BW11: 2 | CA11: 1 | CC11: 2 | CE11: 1 | CG11: 2 | CI11: 1 | CK11: 1 | CM11: =SUM(BC11:CL11) -> 21
A12: VIDA NO SOLO | B12: =SUM(BB12,CM12,AC12) -> 42 | G12: 1 | I12: 1 | K12: 1 | S12: 1 | U12: 2 | W12: 2 | Y12: 1 | AA12: 2 | AC12: =SUM(C12:AB12) -> 11 | AD12: 1 | AF12: 1 | AH12: 1 | AL12: 2 | AN12: 1 | AP12: 1 | AX12: 1 | BB12: =SUM(AD12:BA12) -> 8 | BC12: 2 | BE12: 2 | BG12: 2 | BI12: 1 | BK12: 1 | BM12: 1 | BO12: 1 | BS12: 2 | BU12: 2 | BW12: 2 | BY12: 1 | CA12: 1 | CC12: 2 | CE12: 0 | CG12: 1 | CI12: 1 | CK12: 1 | CM12: =SUM(BC12:CL12) -> 23
A13: AVES ABERTAS NATIVAS | B13: =SUM(BB13,CM13,AC13) -> 10 | G13: 1 | AC13: =SUM(C13:AB13) -> 1 | AD13: 1 | AF13: 1 | AL13: 1 | BB13: =SUM(AD13:BA13) -> 3 | BC13: 1 | BE13: 1 | BG13: 1 | BY13: 0 | CA13: 0 | CC13: 0 | CE13: 1 | CG13: 1 | CI13: 1 | CM13: =SUM(BC13:CL13) -> 6
A14: AVES DE ZONAS PÂNTANAS | B14: =SUM(BB14,CM14,AC14) -> 16 | AC14: =SUM(C14:AB14) -> 0 | AR14: 2 | AT14: 2 | AX14: 1 | AZ14: 1 | BB14: =SUM(AD14:BA14) -> 6 | BK14: 2 | BM14: 2 | BO14: 2 | BQ14: 1 | CG14: 2 | CI14: 1 | CM14: =SUM(BC14:CL14) -> 10
A15: AVE NATIVA DA FLORESTA | B15: =SUM(BB15,CM15,AC15) -> 20 | AC15: =SUM(C15:AB15) -> 0 | AL15: 1 | AN15: 1 | AP15: 1 | BB15: =SUM(AD15:BA15) -> 3 | BS15: 2 | BU15: 2 | BW15: 2 | BY15: 1 | CA15: 2 | CC15: 2 | CE15: 2 | CG15: 2 | CI15: 1 | CK15: 1 | CM15: =SUM(BC15:CL15) -> 17
A16: PLANTAS NATIVAS DE PASTAGENS | B16: =SUM(BB16,CM16,AC16) -> 10 | AC16: =SUM(C16:AB16) -> 0 | AX16: 1 | BB16: =SUM(AD16:BA16) -> 1 | BC16: 2 | BE16: 2 | BG16: 2 | BI16: 2 | BK16: 0 | CI16: 1 | CM16: =SUM(BC16:CL16) -> 9
A17: PLANTAS NATIVAS DE ZONAS ÚMIDAS | B17: =SUM(BB17,CM17,AC17) -> 15 | Y17: 1 | AC17: =SUM(C17:AB17) -> 1 | AR17: 1 | AT17: 1 | AX17: 1 | AZ17: 2 | BB17: =SUM(AD17:BA17) -> 5 | BK17: 2 | BM17: 2 | BO17: 2 | BQ17: 1 | CI17: 2 | CM17: =SUM(BC17:CL17) -> 9
A18: PLANTAS NATIVAS DE ARBUSTO | B18: =SUM(BB18,CM18,AC18) -> 19 | AC18: =SUM(C18:AB18) -> 0 | AL18: 1 | AN18: 0 | AP18: 1 | BB18: =SUM(AD18:BA18) -> 2 | BS18: 2 | BU18: 2 | BW18: 2 | BY18: 2 | CA18: 2 | CC18: 2 | CE18: 2 | CG18: 0 | CI18: 2 | CK18: 1 | CM18: =SUM(BC18:CL18) -> 17
