Workbook

Sheet Calculadora
A1: Calculadora STIR (métrico)
C2: Preenchimento manual
A3: Preencha uma linha por operação (do período colheita anterior → colheita atual). O STIR do talhão é a soma das operações.
A5: Operação / Implemento | B5: Velocidade (km/h) (input) | C5: Profundidade (cm) manual (opcional) | D5: Distúrbio (%) manual (opcional) | E5: Tillage type manual (opcional) | F5: Profundidade final (cm) | G5: Distúrbio final (%) | H5: Tillage type final | I5: Velocidade (mph) (calc) | J5: Profundidade (in) (calc) | K5: Distúrbio (fração) (calc) | L5: STIR da operação (calc) | M5: Comentário
A6: Arado de aiveca (aracao invertendo) | B6: 5 | D6: 100 | E6: 1 | F6: =IF(A6="","",IF(C6="",IFERROR(VLOOKUP(A6,Biblioteca!$A$4:$G$12,5,FALSE),""),C6)) -> 25 | G6: =IF(A6="","",IF(D6="",IFERROR(VLOOKUP(A6,Biblioteca!$A$4:$G$12,4,FALSE),""),D6)) -> 100 | H6: =IF(A6="","",IF(E6="",IFERROR(VLOOKUP(A6,Biblioteca!$A$4:$G$12,3,FALSE),""),E6)) -> 1 | I6: =IF(OR(A6="",B6=""),"",B6/1.609344) -> 3.106856 | J6: =IF(A6="","",F6/2.54) -> 9.8425197 | K6: =IF(A6="","",G6/100) -> 1 | L6: =IF(A6="","",(I6*0.5)*(H6*3.25)*(J6)*(K6)) -> 49.691348 | M6: Exemplo: aração
A7: Grade aradora pesada (disk harrow) | B7: 3 | D7: 80 | E7: 1 | F7: =IF(A7="","",IF(C7="",IFERROR(VLOOKUP(A7,Biblioteca!$A$4:$G$12,5,FALSE),""),C7)) -> 12 | G7: =IF(A7="","",IF(D7="",IFERROR(VLOOKUP(A7,Biblioteca!$A$4:$G$12,4,FALSE),""),D7)) -> 80 | H7: =IF(A7="","",IF(E7="",IFERROR(VLOOKUP(A7,Biblioteca!$A$4:$G$12,3,FALSE),""),E7)) -> 1 | I7: =IF(OR(A7="",B7=""),"",B7/1.609344) -> 1.8641136 | J7: =IF(A7="","",F7/2.54) -> 4.7244094 | K7: =IF(A7="","",G7/100) -> 0.8 | L7: =IF(A7="","",(I7*0.5)*(H7*3.25)*(J7)*(K7)) -> 11.448887 | M7: Exemplo: gradagem (operação separada)
A8: Subsolador (ripper) | B8: 2 | D8: 20 | E8: 0.8 | F8: =IF(A8="","",IF(C8="",IFERROR(VLOOKUP(A8,Biblioteca!$A$4:$G$12,5,FALSE),""),C8)) -> 35 | G8: =IF(A8="","",IF(D8="",IFERROR(VLOOKUP(A8,Biblioteca!$A$4:$G$12,4,FALSE),""),D8)) -> 20 | H8: =IF(A8="","",IF(E8="",IFERROR(VLOOKUP(A8,Biblioteca!$A$4:$G$12,3,FALSE),""),E8)) -> 0.8 | I8: =IF(OR(A8="",B8=""),"",B8/1.609344) -> 1.2427424 | J8: =IF(A8="","",F8/2.54) -> 13.779528 | K8: =IF(A8="","",G8/100) -> 0.2 | L8: =IF(A8="","",(I8*0.5)*(H8*3.25)*(J8)*(K8)) -> 4.4523448 | M8: Exemplo: subsolagem
A9: Arado de discos | B9: 1 | D9: 1 | E9: 0.8 | F9: =IF(A9="","",IF(C9="",IFERROR(VLOOKUP(A9,Biblioteca!$A$4:$G$12,5,FALSE),""),C9)) -> 20 | G9: =IF(A9="","",IF(D9="",IFERROR(VLOOKUP(A9,Biblioteca!$A$4:$G$12,4,FALSE),""),D9)) -> 1 | H9: =IF(A9="","",IF(E9="",IFERROR(VLOOKUP(A9,Biblioteca!$A$4:$G$12,3,FALSE),""),E9)) -> 0.8 | I9: =IF(OR(A9="",B9=""),"",B9/1.609344) -> 0.62137119 | J9: =IF(A9="","",F9/2.54) -> 7.8740157 | K9: =IF(A9="","",G9/100) -> 0.01 | L9: =IF(A9="","",(I9*0.5)*(H9*3.25)*(J9)*(K9)) -> 0.063604925 | M9: Exemplo: plantio direto
F10: =IF(A10="","",IF(C10="",IFERROR(VLOOKUP(A10,Biblioteca!$A$4:$G$12,5,FALSE),""),C10)) | G10: =IF(A10="","",IF(D10="",IFERROR(VLOOKUP(A10,Biblioteca!$A$4:$G$12,4,FALSE),""),D10)) | H10: =IF(A10="","",IF(E10="",IFERROR(VLOOKUP(A10,Biblioteca!$A$4:$G$12,3,FALSE),""),E10)) | I10: =IF(OR(A10="",B10=""),"",B10/1.609344) | J10: =IF(A10="","",F10/2.54) | K10: =IF(A10="","",G10/100) | L10: =IF(A10="","",(I10*0.5)*(H10*3.25)*(J10)*(K10))
F11: =IF(A11="","",IF(C11="",IFERROR(VLOOKUP(A11,Biblioteca!$A$4:$G$12,5,FALSE),""),C11)) | G11: =IF(A11="","",IF(D11="",IFERROR(VLOOKUP(A11,Biblioteca!$A$4:$G$12,4,FALSE),""),D11)) | H11: =IF(A11="","",IF(E11="",IFERROR(VLOOKUP(A11,Biblioteca!$A$4:$G$12,3,FALSE),""),E11)) | I11: =IF(OR(A11="",B11=""),"",B11/1.609344) | J11: =IF(A11="","",F11/2.54) | K11: =IF(A11="","",G11/100) | L11: =IF(A11="","",(I11*0.5)*(H11*3.25)*(J11)*(K11))
F12: =IF(A12="","",IF(C12="",IFERROR(VLOOKUP(A12,Biblioteca!$A$4:$G$12,5,FALSE),""),C12)) | G12: =IF(A12="","",IF(D12="",IFERROR(VLOOKUP(A12,Biblioteca!$A$4:$G$12,4,FALSE),""),D12)) | H12: =IF(A12="","",IF(E12="",IFERROR(VLOOKUP(A12,Biblioteca!$A$4:$G$12,3,FALSE),""),E12)) | I12: =IF(OR(A12="",B12=""),"",B12/1.609344) | J12: =IF(A12="","",F12/2.54) | K12: =IF(A12="","",G12/100) | L12: =IF(A12="","",(I12*0.5)*(H12*3.25)*(J12)*(K12))
F13: =IF(A13="","",IF(C13="",IFERROR(VLOOKUP(A13,Biblioteca!$A$4:$G$12,5,FALSE),""),C13)) | G13: =IF(A13="","",IF(D13="",IFERROR(VLOOKUP(A13,Biblioteca!$A$4:$G$12,4,FALSE),""),D13)) | H13: =IF(A13="","",IF(E13="",IFERROR(VLOOKUP(A13,Biblioteca!$A$4:$G$12,3,FALSE),""),E13)) | I13: =IF(OR(A13="",B13=""),"",B13/1.609344) | J13: =IF(A13="","",F13/2.54) | K13: =IF(A13="","",G13/100) | L13: =IF(A13="","",(I13*0.5)*(H13*3.25)*(J13)*(K13))
F14: =IF(A14="","",IF(C14="",IFERROR(VLOOKUP(A14,Biblioteca!$A$4:$G$12,5,FALSE),""),C14)) | G14: =IF(A14="","",IF(D14="",IFERROR(VLOOKUP(A14,Biblioteca!$A$4:$G$12,4,FALSE),""),D14)) | H14: =IF(A14="","",IF(E14="",IFERROR(VLOOKUP(A14,Biblioteca!$A$4:$G$12,3,FALSE),""),E14)) | I14: =IF(OR(A14="",B14=""),"",B14/1.609344) | J14: =IF(A14="","",F14/2.54) | K14: =IF(A14="","",G14/100) | L14: =IF(A14="","",(I14*0.5)*(H14*3.25)*(J14)*(K14))
F15: =IF(A15="","",IF(C15="",IFERROR(VLOOKUP(A15,Biblioteca!$A$4:$G$12,5,FALSE),""),C15)) | G15: =IF(A15="","",IF(D15="",IFERROR(VLOOKUP(A15,Biblioteca!$A$4:$G$12,4,FALSE),""),D15)) | H15: =IF(A15="","",IF(E15="",IFERROR(VLOOKUP(A15,Biblioteca!$A$4:$G$12,3,FALSE),""),E15)) | I15: =IF(OR(A15="",B15=""),"",B15/1.609344) | J15: =IF(A15="","",F15/2.54) | K15: =IF(A15="","",G15/100) | L15: =IF(A15="","",(I15*0.5)*(H15*3.25)*(J15)*(K15))
F16: =IF(A16="","",IF(C16="",IFERROR(VLOOKUP(A16,Biblioteca!$A$4:$G$12,5,FALSE),""),C16)) | G16: =IF(A16="","",IF(D16="",IFERROR(VLOOKUP(A16,Biblioteca!$A$4:$G$12,4,FALSE),""),D16)) | H16: =IF(A16="","",IF(E16="",IFERROR(VLOOKUP(A16,Biblioteca!$A$4:$G$12,3,FALSE),""),E16)) | I16: =IF(OR(A16="",B16=""),"",B16/1.609344) | J16: =IF(A16="","",F16/2.54) | K16: =IF(A16="","",G16/100) | L16: =IF(A16="","",(I16*0.5)*(H16*3.25)*(J16)*(K16))
F17: =IF(A17="","",IF(C17="",IFERROR(VLOOKUP(A17,Biblioteca!$A$4:$G$12,5,FALSE),""),C17)) | G17: =IF(A17="","",IF(D17="",IFERROR(VLOOKUP(A17,Biblioteca!$A$4:$G$12,4,FALSE),""),D17)) | H17: =IF(A17="","",IF(E17="",IFERROR(VLOOKUP(A17,Biblioteca!$A$4:$G$12,3,FALSE),""),E17)) | I17: =IF(OR(A17="",B17=""),"",B17/1.609344) | J17: =IF(A17="","",F17/2.54) | K17: =IF(A17="","",G17/100) | L17: =IF(A17="","",(I17*0.5)*(H17*3.25)*(J17)*(K17))
F18: =IF(A18="","",IF(C18="",IFERROR(VLOOKUP(A18,Biblioteca!$A$4:$G$12,5,FALSE),""),C18)) | G18: =IF(A18="","",IF(D18="",IFERROR(VLOOKUP(A18,Biblioteca!$A$4:$G$12,4,FALSE),""),D18)) | H18: =IF(A18="","",IF(E18="",IFERROR(VLOOKUP(A18,Biblioteca!$A$4:$G$12,3,FALSE),""),E18)) | I18: =IF(OR(A18="",B18=""),"",B18/1.609344) | J18: =IF(A18="","",F18/2.54) | K18: =IF(A18="","",G18/100) | L18: =IF(A18="","",(I18*0.5)*(H18*3.25)*(J18)*(K18))
F19: =IF(A19="","",IF(C19="",IFERROR(VLOOKUP(A19,Biblioteca!$A$4:$G$12,5,FALSE),""),C19)) | G19: =IF(A19="","",IF(D19="",IFERROR(VLOOKUP(A19,Biblioteca!$A$4:$G$12,4,FALSE),""),D19)) | H19: =IF(A19="","",IF(E19="",IFERROR(VLOOKUP(A19,Biblioteca!$A$4:$G$12,3,FALSE),""),E19)) | I19: =IF(OR(A19="",B19=""),"",B19/1.609344) | J19: =IF(A19="","",F19/2.54) | K19: =IF(A19="","",G19/100) | L19: =IF(A19="","",(I19*0.5)*(H19*3.25)*(J19)*(K19))
F20: =IF(A20="","",IF(C20="",IFERROR(VLOOKUP(A20,Biblioteca!$A$4:$G$12,5,FALSE),""),C20)) | G20: =IF(A20="","",IF(D20="",IFERROR(VLOOKUP(A20,Biblioteca!$A$4:$G$12,4,FALSE),""),D20)) | H20: =IF(A20="","",IF(E20="",IFERROR(VLOOKUP(A20,Biblioteca!$A$4:$G$12,3,FALSE),""),E20)) | I20: =IF(OR(A20="",B20=""),"",B20/1.609344) | J20: =IF(A20="","",F20/2.54) | K20: =IF(A20="","",G20/100) | L20: =IF(A20="","",(I20*0.5)*(H20*3.25)*(J20)*(K20))
F21: =IF(A21="","",IF(C21="",IFERROR(VLOOKUP(A21,Biblioteca!$A$4:$G$12,5,FALSE),""),C21)) | G21: =IF(A21="","",IF(D21="",IFERROR(VLOOKUP(A21,Biblioteca!$A$4:$G$12,4,FALSE),""),D21)) | H21: =IF(A21="","",IF(E21="",IFERROR(VLOOKUP(A21,Biblioteca!$A$4:$G$12,3,FALSE),""),E21)) | I21: =IF(OR(A21="",B21=""),"",B21/1.609344) | J21: =IF(A21="","",F21/2.54) | K21: =IF(A21="","",G21/100) | L21: =IF(A21="","",(I21*0.5)*(H21*3.25)*(J21)*(K21))
... F25: =IF(A25="","",IF(C25="",IFERROR(VLOOKUP(A25,Biblioteca!$A$4:$G$12,5,FALSE),""),C25)) | G25: =IF(A25="","",IF(D25="",IFERROR(VLOOKUP(A25,Biblioteca!$A$4:$G$12,4,FALSE),""),D25)) | H25: =IF(A25="","",IF(E25="",IFERROR(VLOOKUP(A25,Biblioteca!$A$4:$G$12,3,FALSE),""),E25)) | I25: =IF(OR(A25="",B25=""),"",B25/1.609344) | J25: =IF(A25="","",F25/2.54) | K25: =IF(A25="","",G25/100) | L25: =IF(A25="","",(I25*0.5)*(H25*3.25)*(J25)*(K25))
K27: STIR total (soma) → | L27: =SUM(L6:L25) -> 65.656184

Sheet Resultado
C6: =Calculadora!K27 -> STIR total (soma) →
C8: Faixa STIR | D8: Classificação | E8: Interpretação prática
C9: ≤ 30 | D9: 🟢 Baixo | E9: Plantio Direto / No-Till (pouca perturbação) | F9: ➜ Indicador de alto potencial de biodiversidade: Biodiversidade microbiana do solo; Redes micorrízicas; Macrofauna (minhocas, artrópodes); Estabilidade funcional do solo Justificativa: Baixo revolvimento; Manutenção de habitats; Menor mortalidade física; Maior continuidade temporal
C10: 31 – 80 | D10: 🟡 Médio | E10: Sistemas mistos / preparo mínimo | F10: ➜ Indicador de biodiversidade intermediária: Sistemas de transição; Biodiversidade em recuperação; Sistemas mistos (PD + preparo ocasional) Justificativa: Distúrbios episódicos; Redução parcial de habitats; Comunidades em reorganização 📌 Conceito próximo à Hipótese do Distúrbio Intermediário: Distúrbio moderado → coexistência de grupos funcionais
C11: > 80 | D11: 🔴 Alto | E11: Preparo convencional intenso (ará, gradagem, etc.) | F11: ➜ Indicador de baixo potencial de biodiversidade: Ambientes biologicamente degradados; Baixa estabilidade funcional; Domínio de microrganismos oportunistas) Justificativa: Revolvimento intenso; Destruição física de habitats; Redução de biomassa microbiana; Perda de continuidade ecológica 📌 Compatível com: Agricultura convencional intensiva; Sistemas altamente mecanizados; Alta dependência de insumos
C12: =Calculadora!L27 -> 65.656184 | D12: Atual

Sheet Biblioteca
A1: Biblioteca de implementos (valores de referência)
A3: Implemento (PT-BR) | B3: Categoria | C3: Tillage type (valor) | D3: Distúrbio (%) (ref.) | E3: Profundidade (cm) (ref.) | F3: Observações | G3: Fonte/nota
A4: Arado de aiveca (aracao invertendo) | B4: Aração | C4: 1 | D4: 100 | E4: 25 | F4: Inversion + some mixing | G4: Tillage type = 1.0 (NRCS)
A5: Arado de discos | B5: Aração | C5: 0.8 | D5: 100 | E5: 20 | F5: Mixing + some inversion | G5: Tillage type = 0.8 (NRCS)
A6: Grade aradora pesada (disk harrow) | B6: Gradagem | C6: 0.7 | D6: 100 | E6: 12 | F6: Mixing only | G6: Tillage type = 0.7 (NRCS)
A7: Grade niveladora (leve) | B7: Gradagem | C7: 0.7 | D7: 60 | E7: 8 | F7: Mixing only (menor intensidade) | G7: Tillage type = 0.7 (NRCS)
A8: Escarificador / chisel | B8: Descompactacao | C8: 0.4 | D8: 60 | E8: 25 | F8: Lifting and fracturing | G8: Tillage type = 0.4 (NRCS)
A9: Subsolador (ripper) | B9: Descompactacao | C9: 0.4 | D9: 30 | E9: 35 | F9: Lifting and fracturing (faixas) | G9: Tillage type = 0.4 (NRCS)
A10: Plantio direto (semeadora/plantadeira) | B10: Plantio | C10: 0.15 | D10: 15 | E10: 5 | F10: Baixa perturbacao; ajuste conforme linha/disturbio real | G10: Tillage type = 0.15 (NRCS)
A11: Rolo faca / rolo compactador | B11: Manejo de cobertura | C11: 0.15 | D11: 70 | E11: 2 | F11: Compression | G11: Tillage type = 0.15 (NRCS)
A12: Enxada rotativa (rotary hoe) | B12: Preparo intenso | C12: 0.7 | D12: 100 | E12: 10 | F12: Mixing only (intenso) | G12: Tillage type = 0.7 (NRCS)

Sheet Ajuda
A1: STIR (Soil Tillage Intensity Rating) — como é calculado
A3: Definição: STIR é um índice numérico que representa a intensidade de preparo/perturbação do solo. O STIR do talhão é a soma do STIR de cada operação no período “colheita anterior → colheita atual”.
A5: Fórmula (por operação), conforme fact sheet NRCS/RUSLE2:
A6: STIR_op = (Velocidade_mph × 0,5) × (TillageType × 3,25) × (Profundidade_in × 1) × (Distúrbio_%/100 × 1)
A8: Nesta planilha você informa velocidade (km/h), profundidade (cm) e % de distúrbio. A planilha converte automaticamente para mph e inches (in) antes do cálculo.
A10: TillageType (constantes do documento): 1,0 (inversion + some mixing); 0,8 (mixing + some inversion); 0,7 (mixing only); 0,4 (lifting and fracturing); 0,15 (compression).
A12: Importante: “Aração + gradagem” deve ser lançada como DUAS operações em linhas separadas (uma para a aração e outra para a gradagem), pois o STIR total é a soma das operações.
